"device_deviceCategory","sessions","total_pageviews","total_bounces","avg_pageviews","avg_bounce"
"desktop",652082,2634244,326279,4.03974346784607,0.500364984771854
"mobile",206792,711314,108059,3.4397558899764,0.522549228209989
"tablet",30307,121969,15054,4.02444979707658,0.496716930082159
