"visitorType","sessions","avg_pageviews","avg_bounce"
"Ancien",198721,5.4187428605935,0.427609563156385
"Nouveau",690181,3.46388700934972,0.528002074818055
